BAS_ID,open_15cluster,close_15cluster,주거인구/직장인구,아파트 가구수,단독주택 비율,서비스업매출비율,외식업매출비율,근린생활시설 비율,평균최근접역거리,(주거인구+직장인구) / 유동인구,공동주택 비율,평균 도로 길이,도로길이고려_전체통합도,평균최근접정류장거리,점포밀도,도로율,상가밀도
21300,13,14.0,상대적 상권 순환 저조,상대적 상권 순환 저조,상대적 상권 순환 저조,상대적 상권 순환 저조,상대적 상권 축소,상대적 상권 순환 저조,상대적 상권 순환 저조,상대적 상권 순환 저조,상대적 상권 순환 저조,상대적 상권 축소,상대적 상권 순환 저조,상대적 상권 확장,상대적 상권 순환 활발,상대적 상권 축소,상대적 상권 축소
21301,2,9.0,상대적 상권 확장,상대적 상권 순환 저조,상대적 상권 순환 저조,상대적 상권 순환 저조,상대적 상권 축소,상대적 상권 순환 저조,상대적 상권 순환 저조,상대적 상권 순환 저조,상대적 상권 축소,상대적 상권 축소,상대적 상권 순환 저조,상대적 상권 확장,상대적 상권 순환 활발,상대적 상권 축소,상대적 상권 축소
21302,2,9.0,상대적 상권 확장,상대적 상권 순환 저조,상대적 상권 순환 저조,상대적 상권 순환 저조,상대적 상권 축소,상대적 상권 순환 저조,상대적 상권 순환 저조,상대적 상권 순환 저조,상대적 상권 축소,상대적 상권 축소,상대적 상권 순환 저조,상대적 상권 확장,상대적 상권 순환 활발,상대적 상권 축소,상대적 상권 축소
21303,2,9.0,상대적 상권 확장,상대적 상권 순환 저조,상대적 상권 순환 저조,상대적 상권 순환 저조,상대적 상권 축소,상대적 상권 순환 저조,상대적 상권 순환 저조,상대적 상권 순환 저조,상대적 상권 순환 저조,상대적 상권 축소,상대적 상권 순환 저조,상대적 상권 확장,상대적 상권 순환 활발,상대적 상권 축소,상대적 상권 축소
21304,2,9.0,상대적 상권 확장,상대적 상권 순환 저조,상대적 상권 순환 저조,상대적 상권 순환 저조,상대적 상권 축소,상대적 상권 순환 저조,상대적 상권 순환 저조,상대적 상권 순환 저조,상대적 상권 순환 저조,상대적 상권 축소,상대적 상권 순환 저조,상대적 상권 확장,상대적 상권 순환 활발,상대적 상권 축소,상대적 상권 축소
21305,2,9.0,상대적 상권 확장,상대적 상권 순환 저조,상대적 상권 순환 저조,상대적 상권 순환 저조,상대적 상권 축소,상대적 상권 순환 저조,상대적 상권 순환 저조,상대적 상권 순환 저조,상대적 상권 순환 저조,상대적 상권 축소,상대적 상권 순환 저조,상대적 상권 확장,상대적 상권 순환 활발,상대적 상권 축소,상대적 상권 축소
21306,13,9.0,상대적 상권 순환 저조,상대적 상권 순환 저조,상대적 상권 순환 저조,상대적 상권 순환 저조,상대적 상권 축소,상대적 상권 순환 저조,상대적 상권 순환 저조,상대적 상권 순환 저조,상대적 상권 순환 저조,상대적 상권 축소,상대적 상권 순환 저조,상대적 상권 확장,상대적 상권 순환 활발,상대적 상권 축소,상대적 상권 축소
21307,13,14.0,상대적 상권 순환 저조,상대적 상권 순환 저조,상대적 상권 순환 저조,상대적 상권 순환 저조,상대적 상권 순환 저조,상대적 상권 순환 저조,상대적 상권 순환 저조,상대적 상권 순환 저조,상대적 상권 순환 저조,상대적 상권 축소,상대적 상권 순환 저조,상대적 상권 확장,상대적 상권 축소,상대적 상권 축소,상대적 상권 축소
21308,13,14.0,상대적 상권 순환 저조,상대적 상권 순환 저조,상대적 상권 순환 저조,상대적 상권 순환 저조,상대적 상권 순환 저조,상대적 상권 순환 저조,상대적 상권 순환 저조,상대적 상권 순환 저조,상대적 상권 순환 저조,상대적 상권 순환 저조,상대적 상권 순환 저조,상대적 상권 확장,상대적 상권 축소,상대적 상권 축소,상대적 상권 축소
21309,13,9.0,상대적 상권 순환 저조,상대적 상권 순환 저조,상대적 상권 순환 저조,상대적 상권 순환 저조,상대적 상권 축소,상대적 상권 순환 저조,상대적 상권 순환 저조,상대적 상권 순환 저조,상대적 상권 순환 저조,상대적 상권 축소,상대적 상권 순환 저조,상대적 상권 확장,상대적 상권 순환 활발,상대적 상권 축소,상대적 상권 축소
21310,2,9.0,상대적 상권 확장,상대적 상권 순환 저조,상대적 상권 확장,상대적 상권 순환 저조,상대적 상권 축소,상대적 상권 순환 저조,상대적 상권 순환 저조,상대적 상권 순환 저조,상대적 상권 축소,상대적 상권 축소,상대적 상권 순환 저조,상대적 상권 확장,상대적 상권 순환 활발,상대적 상권 축소,상대적 상권 순환 활발
21311,2,9.0,상대적 상권 확장,상대적 상권 순환 저조,상대적 상권 확장,상대적 상권 순환 저조,상대적 상권 축소,상대적 상권 순환 저조,상대적 상권 순환 저조,상대적 상권 순환 저조,상대적 상권 순환 저조,상대적 상권 축소,상대적 상권 순환 저조,상대적 상권 확장,상대적 상권 순환 활발,상대적 상권 축소,상대적 상권 축소
21312,2,9.0,상대적 상권 확장,상대적 상권 순환 저조,상대적 상권 확장,상대적 상권 순환 저조,상대적 상권 축소,상대적 상권 순환 저조,상대적 상권 순환 저조,상대적 상권 순환 저조,상대적 상권 순환 저조,상대적 상권 축소,상대적 상권 순환 저조,상대적 상권 확장,상대적 상권 순환 활발,상대적 상권 축소,상대적 상권 축소
21313,13,9.0,상대적 상권 확장,상대적 상권 순환 저조,상대적 상권 순환 저조,상대적 상권 순환 저조,상대적 상권 축소,상대적 상권 순환 저조,상대적 상권 순환 저조,상대적 상권 순환 저조,상대적 상권 순환 저조,상대적 상권 축소,상대적 상권 순환 저조,상대적 상권 확장,상대적 상권 순환 활발,상대적 상권 축소,상대적 상권 축소
21314,2,9.0,상대적 상권 확장,상대적 상권 순환 저조,상대적 상권 확장,상대적 상권 순환 저조,상대적 상권 축소,상대적 상권 순환 저조,상대적 상권 순환 저조,상대적 상권 순환 저조,상대적 상권 축소,상대적 상권 축소,상대적 상권 순환 저조,상대적 상권 확장,상대적 상권 순환 활발,상대적 상권 축소,상대적 상권 순환 활발
21315,2,3.0,상대적 상권 확장,상대적 상권 순환 저조,상대적 상권 순환 활발,상대적 상권 축소,상대적 상권 순환 활발,상대적 상권 순환 저조,상대적 상권 순환 저조,상대적 상권 순환 저조,상대적 상권 축소,상대적 상권 축소,상대적 상권 순환 저조,상대적 상권 확장,상대적 상권 순환 활발,상대적 상권 축소,상대적 상권 순환 활발
21316,8,5.0,상대적 상권 확장,상대적 상권 순환 저조,상대적 상권 순환 활발,상대적 상권 축소,상대적 상권 순환 활발,상대적 상권 순환 저조,상대적 상권 순환 저조,상대적 상권 순환 저조,상대적 상권 축소,상대적 상권 축소,상대적 상권 순환 저조,상대적 상권 확장,상대적 상권 순환 활발,상대적 상권 순환 활발,상대적 상권 순환 활발
21317,8,0.0,상대적 상권 확장,상대적 상권 순환 저조,상대적 상권 순환 활발,상대적 상권 순환 활발,상대적 상권 순환 활발,상대적 상권 순환 저조,상대적 상권 축소,상대적 상권 순환 저조,상대적 상권 축소,상대적 상권 축소,상대적 상권 순환 저조,상대적 상권 순환 활발,상대적 상권 순환 활발,상대적 상권 순환 활발,상대적 상권 순환 활발
21318,3,0.0,상대적 상권 확장,상대적 상권 순환 저조,상대적 상권 순환 활발,상대적 상권 순환 활발,상대적 상권 순환 활발,상대적 상권 순환 저조,상대적 상권 축소,상대적 상권 순환 저조,상대적 상권 축소,상대적 상권 축소,상대적 상권 축소,상대적 상권 축소,상대적 상권 순환 활발,상대적 상권 순환 활발,상대적 상권 순환 활발
21319,3,8.0,상대적 상권 확장,상대적 상권 확장,상대적 상권 순환 활발,상대적 상권 순환 활발,상대적 상권 순환 활발,상대적 상권 순환 저조,상대적 상권 순환 활발,상대적 상권 확장,상대적 상권 축소,상대적 상권 축소,상대적 상권 축소,상대적 상권 축소,상대적 상권 순환 활발,상대적 상권 순환 활발,상대적 상권 순환 활발
21320,3,8.0,상대적 상권 확장,상대적 상권 확장,상대적 상권 순환 활발,상대적 상권 순환 활발,상대적 상권 순환 활발,상대적 상권 순환 저조,상대적 상권 순환 활발,상대적 상권 확장,상대적 상권 축소,상대적 상권 축소,상대적 상권 축소,상대적 상권 축소,상대적 상권 순환 활발,상대적 상권 순환 활발,상대적 상권 순환 활발
21321,3,8.0,상대적 상권 확장,상대적 상권 확장,상대적 상권 순환 활발,상대적 상권 순환 활발,상대적 상권 순환 활발,상대적 상권 순환 저조,상대적 상권 순환 활발,상대적 상권 확장,상대적 상권 축소,상대적 상권 축소,상대적 상권 축소,상대적 상권 축소,상대적 상권 순환 활발,상대적 상권 순환 활발,상대적 상권 순환 활발
21322,9,-1.0,,,,,,,,,,,,,,,
21323,8,0.0,상대적 상권 확장,상대적 상권 순환 저조,상대적 상권 순환 활발,상대적 상권 순환 활발,상대적 상권 순환 활발,상대적 상권 순환 저조,상대적 상권 순환 활발,상대적 상권 순환 저조,상대적 상권 축소,상대적 상권 축소,상대적 상권 축소,상대적 상권 순환 활발,상대적 상권 순환 활발,상대적 상권 순환 활발,상대적 상권 순환 활발
21324,3,0.0,상대적 상권 확장,상대적 상권 순환 저조,상대적 상권 순환 활발,상대적 상권 순환 활발,상대적 상권 순환 활발,상대적 상권 순환 저조,상대적 상권 순환 활발,상대적 상권 확장,상대적 상권 축소,상대적 상권 축소,상대적 상권 축소,상대적 상권 축소,상대적 상권 순환 활발,상대적 상권 순환 활발,상대적 상권 순환 활발
21325,3,8.0,상대적 상권 확장,상대적 상권 확장,상대적 상권 순환 활발,상대적 상권 순환 활발,상대적 상권 순환 활발,상대적 상권 순환 저조,상대적 상권 순환 활발,상대적 상권 확장,상대적 상권 축소,상대적 상권 축소,상대적 상권 축소,상대적 상권 축소,상대적 상권 순환 활발,상대적 상권 순환 활발,상대적 상권 순환 활발
21326,3,8.0,상대적 상권 확장,상대적 상권 확장,상대적 상권 순환 활발,상대적 상권 순환 활발,상대적 상권 순환 활발,상대적 상권 순환 저조,상대적 상권 순환 활발,상대적 상권 확장,상대적 상권 순환 활발,상대적 상권 축소,상대적 상권 축소,상대적 상권 축소,상대적 상권 순환 활발,상대적 상권 순환 활발,상대적 상권 순환 활발
21327,3,-1.0,,,,,,,,,,,,,,,
21328,8,0.0,상대적 상권 확장,상대적 상권 순환 저조,상대적 상권 순환 활발,상대적 상권 순환 활발,상대적 상권 순환 활발,상대적 상권 순환 저조,상대적 상권 순환 활발,상대적 상권 순환 저조,상대적 상권 축소,상대적 상권 축소,상대적 상권 축소,상대적 상권 순환 활발,상대적 상권 순환 활발,상대적 상권 순환 활발,상대적 상권 순환 활발
21329,14,5.0,상대적 상권 확장,상대적 상권 순환 저조,상대적 상권 순환 활발,상대적 상권 축소,상대적 상권 순환 활발,상대적 상권 순환 저조,상대적 상권 순환 저조,상대적 상권 순환 저조,상대적 상권 축소,상대적 상권 축소,상대적 상권 순환 저조,상대적 상권 확장,상대적 상권 순환 활발,상대적 상권 순환 활발,상대적 상권 순환 활발
21330,8,5.0,상대적 상권 확장,상대적 상권 순환 저조,상대적 상권 순환 활발,상대적 상권 순환 활발,상대적 상권 순환 활발,상대적 상권 순환 저조,상대적 상권 순환 저조,상대적 상권 순환 저조,상대적 상권 축소,상대적 상권 축소,상대적 상권 순환 저조,상대적 상권 확장,상대적 상권 순환 활발,상대적 상권 순환 활발,상대적 상권 순환 활발
21331,14,5.0,상대적 상권 확장,상대적 상권 순환 저조,상대적 상권 순환 활발,상대적 상권 순환 활발,상대적 상권 순환 활발,상대적 상권 순환 저조,상대적 상권 확장,상대적 상권 순환 저조,상대적 상권 축소,상대적 상권 축소,상대적 상권 순환 저조,상대적 상권 순환 활발,상대적 상권 순환 활발,상대적 상권 순환 활발,상대적 상권 순환 활발
21332,14,5.0,상대적 상권 확장,상대적 상권 순환 저조,상대적 상권 순환 활발,상대적 상권 순환 활발,상대적 상권 순환 활발,상대적 상권 순환 저조,상대적 상권 확장,상대적 상권 순환 저조,상대적 상권 축소,상대적 상권 축소,상대적 상권 순환 저조,상대적 상권 확장,상대적 상권 순환 활발,상대적 상권 순환 활발,상대적 상권 순환 활발
21333,14,5.0,상대적 상권 확장,상대적 상권 순환 저조,상대적 상권 순환 활발,상대적 상권 축소,상대적 상권 순환 활발,상대적 상권 순환 저조,상대적 상권 순환 저조,상대적 상권 순환 저조,상대적 상권 축소,상대적 상권 축소,상대적 상권 순환 저조,상대적 상권 확장,상대적 상권 순환 활발,상대적 상권 순환 활발,상대적 상권 순환 활발
21334,2,3.0,상대적 상권 확장,상대적 상권 순환 저조,상대적 상권 순환 활발,상대적 상권 축소,상대적 상권 순환 활발,상대적 상권 순환 저조,상대적 상권 순환 저조,상대적 상권 순환 저조,상대적 상권 축소,상대적 상권 축소,상대적 상권 순환 저조,상대적 상권 확장,상대적 상권 순환 활발,상대적 상권 축소,상대적 상권 순환 활발
21335,14,5.0,상대적 상권 확장,상대적 상권 순환 저조,상대적 상권 순환 활발,상대적 상권 순환 활발,상대적 상권 순환 활발,상대적 상권 순환 저조,상대적 상권 확장,상대적 상권 순환 저조,상대적 상권 축소,상대적 상권 축소,상대적 상권 순환 저조,상대적 상권 확장,상대적 상권 순환 활발,상대적 상권 순환 활발,상대적 상권 순환 활발
21336,14,5.0,상대적 상권 확장,상대적 상권 순환 저조,상대적 상권 순환 활발,상대적 상권 순환 활발,상대적 상권 순환 활발,상대적 상권 순환 저조,상대적 상권 확장,상대적 상권 순환 저조,상대적 상권 축소,상대적 상권 축소,상대적 상권 축소,상대적 상권 순환 활발,상대적 상권 순환 활발,상대적 상권 순환 활발,상대적 상권 순환 활발
21337,8,0.0,상대적 상권 순환 활발,상대적 상권 순환 저조,상대적 상권 순환 활발,상대적 상권 순환 활발,상대적 상권 순환 활발,상대적 상권 순환 저조,상대적 상권 순환 활발,상대적 상권 순환 저조,상대적 상권 축소,상대적 상권 축소,상대적 상권 축소,상대적 상권 순환 활발,상대적 상권 순환 활발,상대적 상권 순환 활발,상대적 상권 순환 활발
21338,8,5.0,상대적 상권 순환 활발,상대적 상권 순환 저조,상대적 상권 순환 활발,상대적 상권 순환 활발,상대적 상권 순환 활발,상대적 상권 순환 저조,상대적 상권 확장,상대적 상권 순환 저조,상대적 상권 축소,상대적 상권 축소,상대적 상권 순환 저조,상대적 상권 순환 활발,상대적 상권 순환 활발,상대적 상권 순환 활발,상대적 상권 순환 활발
21339,8,-1.0,,,,,,,,,,,,,,,
21340,8,0.0,상대적 상권 순환 활발,상대적 상권 순환 저조,상대적 상권 순환 활발,상대적 상권 순환 활발,상대적 상권 순환 활발,상대적 상권 순환 저조,상대적 상권 순환 활발,상대적 상권 확장,상대적 상권 축소,상대적 상권 축소,상대적 상권 축소,상대적 상권 순환 활발,상대적 상권 순환 활발,상대적 상권 순환 활발,상대적 상권 순환 활발
21341,3,0.0,상대적 상권 확장,상대적 상권 순환 저조,상대적 상권 순환 활발,상대적 상권 순환 활발,상대적 상권 순환 활발,상대적 상권 순환 저조,상대적 상권 순환 활발,상대적 상권 확장,상대적 상권 축소,상대적 상권 축소,상대적 상권 축소,상대적 상권 축소,상대적 상권 순환 활발,상대적 상권 순환 활발,상대적 상권 순환 활발
21342,3,8.0,상대적 상권 확장,상대적 상권 확장,상대적 상권 순환 활발,상대적 상권 순환 활발,상대적 상권 순환 활발,상대적 상권 순환 저조,상대적 상권 순환 활발,상대적 상권 확장,상대적 상권 축소,상대적 상권 축소,상대적 상권 축소,상대적 상권 축소,상대적 상권 순환 활발,상대적 상권 순환 활발,상대적 상권 순환 활발
21343,3,0.0,상대적 상권 확장,상대적 상권 확장,상대적 상권 순환 활발,상대적 상권 순환 활발,상대적 상권 순환 활발,상대적 상권 순환 저조,상대적 상권 순환 활발,상대적 상권 확장,상대적 상권 순환 활발,상대적 상권 축소,상대적 상권 순환 활발,상대적 상권 축소,상대적 상권 순환 활발,상대적 상권 순환 활발,상대적 상권 순환 활발
21344,8,0.0,상대적 상권 순환 활발,상대적 상권 순환 저조,상대적 상권 순환 활발,상대적 상권 순환 활발,상대적 상권 순환 활발,상대적 상권 순환 저조,상대적 상권 순환 활발,상대적 상권 확장,상대적 상권 축소,상대적 상권 축소,상대적 상권 순환 활발,상대적 상권 순환 활발,상대적 상권 순환 활발,상대적 상권 순환 활발,상대적 상권 순환 활발
21345,3,0.0,상대적 상권 순환 활발,상대적 상권 확장,상대적 상권 순환 활발,상대적 상권 순환 활발,상대적 상권 순환 활발,상대적 상권 순환 저조,상대적 상권 순환 활발,상대적 상권 확장,상대적 상권 순환 활발,상대적 상권 축소,상대적 상권 순환 활발,상대적 상권 순환 활발,상대적 상권 확장,상대적 상권 순환 활발,상대적 상권 확장
21346,3,0.0,상대적 상권 확장,상대적 상권 확장,상대적 상권 순환 활발,상대적 상권 순환 활발,상대적 상권 순환 활발,상대적 상권 순환 저조,상대적 상권 순환 활발,상대적 상권 확장,상대적 상권 순환 활발,상대적 상권 축소,상대적 상권 순환 활발,상대적 상권 축소,상대적 상권 확장,상대적 상권 순환 활발,상대적 상권 확장
21347,3,0.0,상대적 상권 순환 활발,상대적 상권 확장,상대적 상권 순환 활발,상대적 상권 순환 활발,상대적 상권 순환 활발,상대적 상권 순환 저조,상대적 상권 순환 활발,상대적 상권 확장,상대적 상권 순환 활발,상대적 상권 순환 활발,상대적 상권 순환 활발,상대적 상권 축소,상대적 상권 확장,상대적 상권 순환 활발,상대적 상권 확장
21348,3,0.0,상대적 상권 순환 활발,상대적 상권 확장,상대적 상권 순환 활발,상대적 상권 순환 활발,상대적 상권 순환 활발,상대적 상권 순환 저조,상대적 상권 순환 활발,상대적 상권 확장,상대적 상권 순환 활발,상대적 상권 순환 활발,상대적 상권 순환 활발,상대적 상권 순환 활발,상대적 상권 확장,상대적 상권 순환 활발,상대적 상권 확장
21349,5,0.0,상대적 상권 순환 활발,상대적 상권 확장,상대적 상권 순환 활발,상대적 상권 순환 활발,상대적 상권 순환 활발,상대적 상권 순환 저조,상대적 상권 순환 활발,상대적 상권 확장,상대적 상권 순환 활발,상대적 상권 순환 활발,상대적 상권 순환 활발,상대적 상권 순환 활발,상대적 상권 확장,상대적 상권 순환 활발,상대적 상권 확장
21350,5,0.0,상대적 상권 순환 활발,상대적 상권 확장,상대적 상권 순환 활발,상대적 상권 순환 활발,상대적 상권 순환 활발,상대적 상권 순환 저조,상대적 상권 순환 활발,상대적 상권 확장,상대적 상권 순환 활발,상대적 상권 순환 활발,상대적 상권 순환 활발,상대적 상권 축소,상대적 상권 확장,상대적 상권 순환 활발,상대적 상권 확장
21351,3,0.0,상대적 상권 순환 활발,상대적 상권 순환 저조,상대적 상권 순환 활발,상대적 상권 순환 활발,상대적 상권 순환 활발,상대적 상권 순환 저조,상대적 상권 순환 활발,상대적 상권 확장,상대적 상권 축소,상대적 상권 축소,상대적 상권 순환 활발,상대적 상권 순환 활발,상대적 상권 순환 활발,상대적 상권 순환 활발,상대적 상권 순환 활발
21352,3,0.0,상대적 상권 순환 활발,상대적 상권 확장,상대적 상권 순환 활발,상대적 상권 순환 활발,상대적 상권 순환 활발,상대적 상권 순환 저조,상대적 상권 순환 활발,상대적 상권 확장,상대적 상권 순환 활발,상대적 상권 순환 활발,상대적 상권 순환 활발,상대적 상권 순환 활발,상대적 상권 확장,상대적 상권 순환 활발,상대적 상권 확장
21353,5,0.0,상대적 상권 순환 활발,상대적 상권 확장,상대적 상권 순환 활발,상대적 상권 순환 활발,상대적 상권 순환 활발,상대적 상권 확장,상대적 상권 순환 활발,상대적 상권 확장,상대적 상권 순환 활발,상대적 상권 순환 활발,상대적 상권 순환 활발,상대적 상권 순환 활발,상대적 상권 확장,상대적 상권 순환 활발,상대적 상권 확장
21354,8,5.0,상대적 상권 순환 활발,상대적 상권 순환 저조,상대적 상권 순환 활발,상대적 상권 순환 활발,상대적 상권 순환 활발,상대적 상권 순환 저조,상대적 상권 순환 활발,상대적 상권 순환 저조,상대적 상권 축소,상대적 상권 축소,상대적 상권 축소,상대적 상권 순환 활발,상대적 상권 순환 활발,상대적 상권 순환 활발,상대적 상권 순환 활발
21355,8,0.0,상대적 상권 순환 활발,상대적 상권 순환 저조,상대적 상권 순환 활발,상대적 상권 순환 활발,상대적 상권 순환 활발,상대적 상권 순환 저조,상대적 상권 순환 활발,상대적 상권 확장,상대적 상권 축소,상대적 상권 축소,상대적 상권 축소,상대적 상권 순환 활발,상대적 상권 순환 활발,상대적 상권 순환 활발,상대적 상권 순환 활발
21356,3,0.0,상대적 상권 순환 활발,상대적 상권 순환 저조,상대적 상권 순환 활발,상대적 상권 순환 활발,상대적 상권 순환 활발,상대적 상권 순환 저조,상대적 상권 순환 활발,상대적 상권 확장,상대적 상권 축소,상대적 상권 축소,상대적 상권 순환 활발,상대적 상권 순환 활발,상대적 상권 순환 활발,상대적 상권 순환 활발,상대적 상권 확장
21357,0,0.0,상대적 상권 순환 활발,상대적 상권 순환 저조,상대적 상권 순환 활발,상대적 상권 순환 활발,상대적 상권 순환 활발,상대적 상권 순환 저조,상대적 상권 순환 활발,상대적 상권 순환 저조,상대적 상권 축소,상대적 상권 축소,상대적 상권 축소,상대적 상권 순환 활발,상대적 상권 순환 활발,상대적 상권 순환 활발,상대적 상권 순환 활발
21358,0,0.0,상대적 상권 순환 활발,상대적 상권 순환 저조,상대적 상권 순환 활발,상대적 상권 순환 활발,상대적 상권 순환 활발,상대적 상권 확장,상대적 상권 순환 활발,상대적 상권 순환 저조,상대적 상권 축소,상대적 상권 축소,상대적 상권 축소,상대적 상권 순환 활발,상대적 상권 순환 활발,상대적 상권 순환 활발,상대적 상권 순환 활발
21359,0,1.0,상대적 상권 순환 활발,상대적 상권 순환 저조,상대적 상권 순환 활발,상대적 상권 순환 활발,상대적 상권 순환 활발,상대적 상권 확장,상대적 상권 순환 활발,상대적 상권 확장,상대적 상권 축소,상대적 상권 축소,상대적 상권 순환 활발,상대적 상권 순환 활발,상대적 상권 확장,상대적 상권 순환 활발,상대적 상권 확장
21360,7,0.0,상대적 상권 순환 활발,상대적 상권 확장,상대적 상권 순환 활발,상대적 상권 순환 활발,상대적 상권 순환 활발,상대적 상권 확장,상대적 상권 순환 활발,상대적 상권 확장,상대적 상권 순환 활발,상대적 상권 순환 활발,상대적 상권 순환 활발,상대적 상권 순환 활발,상대적 상권 확장,상대적 상권 순환 활발,상대적 상권 확장
21361,13,9.0,상대적 상권 순환 저조,상대적 상권 순환 저조,상대적 상권 순환 저조,상대적 상권 순환 저조,상대적 상권 축소,상대적 상권 순환 저조,상대적 상권 순환 저조,상대적 상권 순환 저조,상대적 상권 순환 저조,상대적 상권 축소,상대적 상권 순환 저조,상대적 상권 확장,상대적 상권 순환 활발,상대적 상권 축소,상대적 상권 축소
21362,13,9.0,상대적 상권 순환 저조,상대적 상권 순환 저조,상대적 상권 순환 저조,상대적 상권 순환 저조,상대적 상권 축소,상대적 상권 순환 저조,상대적 상권 순환 저조,상대적 상권 순환 저조,상대적 상권 순환 저조,상대적 상권 축소,상대적 상권 순환 저조,상대적 상권 확장,상대적 상권 축소,상대적 상권 축소,상대적 상권 축소
21363,13,3.0,상대적 상권 확장,상대적 상권 순환 저조,상대적 상권 순환 저조,상대적 상권 순환 저조,상대적 상권 축소,상대적 상권 순환 저조,상대적 상권 순환 저조,상대적 상권 순환 저조,상대적 상권 순환 저조,상대적 상권 축소,상대적 상권 순환 저조,상대적 상권 확장,상대적 상권 순환 활발,상대적 상권 축소,상대적 상권 축소
21364,0,5.0,상대적 상권 순환 활발,상대적 상권 순환 저조,상대적 상권 순환 활발,상대적 상권 축소,상대적 상권 순환 활발,상대적 상권 순환 저조,상대적 상권 확장,상대적 상권 순환 저조,상대적 상권 축소,상대적 상권 축소,상대적 상권 순환 저조,상대적 상권 확장,상대적 상권 순환 활발,상대적 상권 축소,상대적 상권 순환 활발
21365,0,5.0,상대적 상권 순환 활발,상대적 상권 순환 저조,상대적 상권 순환 활발,상대적 상권 축소,상대적 상권 순환 활발,상대적 상권 순환 저조,상대적 상권 확장,상대적 상권 순환 저조,상대적 상권 축소,상대적 상권 축소,상대적 상권 순환 저조,상대적 상권 확장,상대적 상권 순환 활발,상대적 상권 순환 활발,상대적 상권 순환 활발
21366,0,5.0,상대적 상권 순환 활발,상대적 상권 순환 저조,상대적 상권 순환 활발,상대적 상권 순환 활발,상대적 상권 순환 활발,상대적 상권 순환 저조,상대적 상권 확장,상대적 상권 순환 저조,상대적 상권 축소,상대적 상권 축소,상대적 상권 축소,상대적 상권 순환 활발,상대적 상권 순환 활발,상대적 상권 순환 활발,상대적 상권 순환 활발
21367,13,14.0,상대적 상권 순환 저조,상대적 상권 순환 저조,상대적 상권 순환 저조,상대적 상권 순환 저조,상대적 상권 순환 저조,상대적 상권 순환 저조,상대적 상권 순환 저조,상대적 상권 순환 저조,상대적 상권 순환 저조,상대적 상권 순환 저조,상대적 상권 순환 저조,상대적 상권 확장,상대적 상권 축소,상대적 상권 축소,상대적 상권 축소
21368,6,14.0,상대적 상권 순환 저조,상대적 상권 축소,상대적 상권 순환 저조,상대적 상권 순환 저조,상대적 상권 순환 저조,상대적 상권 순환 저조,상대적 상권 순환 저조,상대적 상권 순환 저조,상대적 상권 순환 저조,상대적 상권 순환 저조,상대적 상권 순환 저조,상대적 상권 확장,상대적 상권 축소,상대적 상권 축소,상대적 상권 축소
21369,13,14.0,상대적 상권 순환 저조,상대적 상권 순환 저조,상대적 상권 순환 저조,상대적 상권 순환 저조,상대적 상권 축소,상대적 상권 순환 저조,상대적 상권 순환 저조,상대적 상권 순환 저조,상대적 상권 순환 저조,상대적 상권 축소,상대적 상권 순환 저조,상대적 상권 확장,상대적 상권 축소,상대적 상권 축소,상대적 상권 축소
21370,6,9.0,상대적 상권 순환 저조,상대적 상권 축소,상대적 상권 순환 저조,상대적 상권 순환 저조,상대적 상권 축소,상대적 상권 순환 저조,상대적 상권 순환 저조,상대적 상권 순환 저조,상대적 상권 순환 저조,상대적 상권 축소,상대적 상권 순환 저조,상대적 상권 확장,상대적 상권 축소,상대적 상권 축소,상대적 상권 축소
21371,6,14.0,상대적 상권 순환 저조,상대적 상권 축소,상대적 상권 순환 저조,상대적 상권 순환 저조,상대적 상권 순환 저조,상대적 상권 순환 저조,상대적 상권 순환 저조,상대적 상권 순환 저조,상대적 상권 순환 저조,상대적 상권 순환 저조,상대적 상권 순환 저조,상대적 상권 확장,상대적 상권 축소,상대적 상권 축소,상대적 상권 축소
21373,12,-1.0,,,,,,,,,,,,,,,
21374,12,4.0,상대적 상권 순환 저조,상대적 상권 축소,상대적 상권 순환 저조,상대적 상권 순환 저조,상대적 상권 순환 저조,상대적 상권 순환 활발,상대적 상권 순환 저조,상대적 상권 축소,상대적 상권 순환 저조,상대적 상권 확장,상대적 상권 순환 저조,상대적 상권 확장,상대적 상권 축소,상대적 상권 순환 저조,상대적 상권 축소
21376,6,3.0,상대적 상권 순환 저조,상대적 상권 축소,상대적 상권 순환 저조,상대적 상권 순환 저조,상대적 상권 축소,상대적 상권 순환 저조,상대적 상권 순환 저조,상대적 상권 순환 저조,상대적 상권 순환 저조,상대적 상권 축소,상대적 상권 순환 저조,상대적 상권 확장,상대적 상권 축소,상대적 상권 축소,상대적 상권 축소
21377,13,3.0,상대적 상권 순환 저조,상대적 상권 순환 저조,상대적 상권 순환 저조,상대적 상권 순환 저조,상대적 상권 축소,상대적 상권 확장,상대적 상권 순환 저조,상대적 상권 순환 저조,상대적 상권 순환 저조,상대적 상권 축소,상대적 상권 순환 저조,상대적 상권 확장,상대적 상권 축소,상대적 상권 축소,상대적 상권 축소
21378,0,5.0,상대적 상권 순환 활발,상대적 상권 순환 저조,상대적 상권 순환 활발,상대적 상권 순환 활발,상대적 상권 순환 활발,상대적 상권 확장,상대적 상권 확장,상대적 상권 순환 저조,상대적 상권 축소,상대적 상권 축소,상대적 상권 축소,상대적 상권 확장,상대적 상권 순환 활발,상대적 상권 순환 활발,상대적 상권 확장
21379,0,0.0,상대적 상권 순환 활발,상대적 상권 순환 저조,상대적 상권 순환 활발,상대적 상권 순환 활발,상대적 상권 순환 활발,상대적 상권 확장,상대적 상권 순환 활발,상대적 상권 순환 저조,상대적 상권 축소,상대적 상권 축소,상대적 상권 순환 활발,상대적 상권 순환 활발,상대적 상권 순환 활발,상대적 상권 순환 활발,상대적 상권 확장
21380,11,11.0,상대적 상권 순환 저조,상대적 상권 축소,상대적 상권 순환 저조,상대적 상권 순환 저조,상대적 상권 순환 저조,상대적 상권 순환 활발,상대적 상권 순환 저조,상대적 상권 축소,상대적 상권 순환 저조,상대적 상권 순환 저조,상대적 상권 순환 저조,상대적 상권 확장,상대적 상권 축소,상대적 상권 축소,상대적 상권 축소
21381,11,-1.0,,,,,,,,,,,,,,,
21382,11,11.0,상대적 상권 순환 저조,상대적 상권 축소,상대적 상권 순환 저조,상대적 상권 순환 저조,상대적 상권 순환 저조,상대적 상권 순환 활발,상대적 상권 순환 저조,상대적 상권 축소,상대적 상권 순환 저조,상대적 상권 순환 저조,상대적 상권 순환 저조,상대적 상권 확장,상대적 상권 축소,상대적 상권 축소,상대적 상권 축소
21383,12,11.0,상대적 상권 순환 저조,상대적 상권 축소,상대적 상권 순환 저조,상대적 상권 순환 저조,상대적 상권 순환 저조,상대적 상권 순환 활발,상대적 상권 순환 저조,상대적 상권 축소,상대적 상권 순환 저조,상대적 상권 순환 저조,상대적 상권 순환 저조,상대적 상권 확장,상대적 상권 축소,상대적 상권 축소,상대적 상권 축소
21384,12,6.0,상대적 상권 축소,상대적 상권 축소,상대적 상권 순환 저조,상대적 상권 순환 저조,상대적 상권 순환 저조,상대적 상권 순환 활발,상대적 상권 축소,상대적 상권 축소,상대적 상권 확장,상대적 상권 확장,상대적 상권 축소,상대적 상권 순환 저조,상대적 상권 축소,상대적 상권 축소,상대적 상권 축소
21385,12,11.0,상대적 상권 순환 저조,상대적 상권 축소,상대적 상권 순환 저조,상대적 상권 순환 저조,상대적 상권 순환 저조,상대적 상권 순환 활발,상대적 상권 순환 저조,상대적 상권 축소,상대적 상권 확장,상대적 상권 확장,상대적 상권 순환 저조,상대적 상권 순환 저조,상대적 상권 축소,상대적 상권 순환 저조,상대적 상권 축소
21386,6,-1.0,,,,,,,,,,,,,,,
21387,13,1.0,상대적 상권 축소,상대적 상권 축소,상대적 상권 축소,상대적 상권 확장,상대적 상권 순환 활발,상대적 상권 순환 활발,상대적 상권 순환 활발,상대적 상권 축소,상대적 상권 순환 활발,상대적 상권 순환 저조,상대적 상권 순환 활발,상대적 상권 확장,상대적 상권 순환 저조,상대적 상권 순환 활발,상대적 상권 순환 저조
21388,0,1.0,상대적 상권 순환 활발,상대적 상권 순환 저조,상대적 상권 순환 활발,상대적 상권 순환 활발,상대적 상권 순환 활발,상대적 상권 순환 활발,상대적 상권 순환 활발,상대적 상권 순환 활발,상대적 상권 순환 활발,상대적 상권 확장,상대적 상권 순환 활발,상대적 상권 순환 활발,상대적 상권 순환 저조,상대적 상권 순환 활발,상대적 상권 확장
21389,1,1.0,상대적 상권 순환 활발,상대적 상권 축소,상대적 상권 축소,상대적 상권 확장,상대적 상권 확장,상대적 상권 순환 활발,상대적 상권 순환 활발,상대적 상권 순환 활발,상대적 상권 순환 활발,상대적 상권 확장,상대적 상권 순환 활발,상대적 상권 순환 활발,상대적 상권 순환 저조,상대적 상권 순환 활발,상대적 상권 순환 저조
21390,0,1.0,상대적 상권 순환 활발,상대적 상권 순환 저조,상대적 상권 순환 활발,상대적 상권 순환 활발,상대적 상권 순환 활발,상대적 상권 순환 활발,상대적 상권 순환 활발,상대적 상권 확장,상대적 상권 순환 활발,상대적 상권 확장,상대적 상권 순환 활발,상대적 상권 순환 활발,상대적 상권 순환 저조,상대적 상권 순환 활발,상대적 상권 확장
21391,7,1.0,상대적 상권 순환 활발,상대적 상권 확장,상대적 상권 순환 활발,상대적 상권 순환 활발,상대적 상권 순환 활발,상대적 상권 순환 활발,상대적 상권 순환 활발,상대적 상권 확장,상대적 상권 순환 활발,상대적 상권 확장,상대적 상권 순환 활발,상대적 상권 순환 활발,상대적 상권 확장,상대적 상권 순환 활발,상대적 상권 확장
21392,7,1.0,상대적 상권 순환 활발,상대적 상권 확장,상대적 상권 순환 활발,상대적 상권 순환 활발,상대적 상권 순환 활발,상대적 상권 순환 활발,상대적 상권 순환 활발,상대적 상권 순환 활발,상대적 상권 순환 활발,상대적 상권 확장,상대적 상권 순환 활발,상대적 상권 순환 활발,상대적 상권 확장,상대적 상권 순환 활발,상대적 상권 확장
21393,0,1.0,상대적 상권 순환 활발,상대적 상권 확장,상대적 상권 순환 활발,상대적 상권 확장,상대적 상권 순환 활발,상대적 상권 순환 활발,상대적 상권 순환 활발,상대적 상권 순환 활발,상대적 상권 순환 활발,상대적 상권 확장,상대적 상권 순환 활발,상대적 상권 순환 활발,상대적 상권 순환 저조,상대적 상권 순환 활발,상대적 상권 확장
21394,0,1.0,상대적 상권 순환 활발,상대적 상권 확장,상대적 상권 순환 활발,상대적 상권 확장,상대적 상권 확장,상대적 상권 순환 활발,상대적 상권 순환 활발,상대적 상권 순환 활발,상대적 상권 순환 활발,상대적 상권 확장,상대적 상권 순환 활발,상대적 상권 순환 활발,상대적 상권 순환 저조,상대적 상권 순환 활발,상대적 상권 순환 저조
21395,7,1.0,상대적 상권 순환 활발,상대적 상권 확장,상대적 상권 순환 활발,상대적 상권 확장,상대적 상권 확장,상대적 상권 순환 활발,상대적 상권 순환 활발,상대적 상권 순환 활발,상대적 상권 순환 활발,상대적 상권 확장,상대적 상권 순환 활발,상대적 상권 순환 활발,상대적 상권 순환 저조,상대적 상권 확장,상대적 상권 확장
21396,7,1.0,상대적 상권 순환 활발,상대적 상권 확장,상대적 상권 순환 활발,상대적 상권 순환 활발,상대적 상권 확장,상대적 상권 순환 활발,상대적 상권 순환 활발,상대적 상권 순환 활발,상대적 상권 순환 활발,상대적 상권 확장,상대적 상권 순환 활발,상대적 상권 순환 활발,상대적 상권 순환 저조,상대적 상권 확장,상대적 상권 확장
21397,5,0.0,상대적 상권 순환 활발,상대적 상권 확장,상대적 상권 순환 활발,상대적 상권 순환 활발,상대적 상권 순환 활발,상대적 상권 순환 활발,상대적 상권 순환 활발,상대적 상권 확장,상대적 상권 순환 활발,상대적 상권 순환 활발,상대적 상권 순환 활발,상대적 상권 순환 활발,상대적 상권 확장,상대적 상권 순환 활발,상대적 상권 확장
21398,5,0.0,상대적 상권 순환 활발,상대적 상권 확장,상대적 상권 순환 활발,상대적 상권 순환 활발,상대적 상권 순환 활발,상대적 상권 축소,상대적 상권 순환 활발,상대적 상권 순환 활발,상대적 상권 순환 활발,상대적 상권 순환 활발,상대적 상권 순환 활발,상대적 상권 축소,상대적 상권 확장,상대적 상권 순환 활발,상대적 상권 확장
21399,4,1.0,상대적 상권 순환 활발,상대적 상권 확장,상대적 상권 순환 활발,상대적 상권 순환 활발,상대적 상권 순환 활발,상대적 상권 순환 활발,상대적 상권 순환 활발,상대적 상권 순환 활발,상대적 상권 순환 활발,상대적 상권 확장,상대적 상권 순환 활발,상대적 상권 순환 활발,상대적 상권 확장,상대적 상권 확장,상대적 상권 확장
21400,4,1.0,상대적 상권 순환 활발,상대적 상권 확장,상대적 상권 순환 활발,상대적 상권 순환 활발,상대적 상권 순환 활발,상대적 상권 순환 활발,상대적 상권 순환 활발,상대적 상권 순환 활발,상대적 상권 순환 활발,상대적 상권 확장,상대적 상권 순환 활발,상대적 상권 축소,상대적 상권 확장,상대적 상권 확장,상대적 상권 확장
21401,4,2.0,상대적 상권 순환 활발,상대적 상권 확장,상대적 상권 순환 활발,상대적 상권 순환 활발,상대적 상권 순환 활발,상대적 상권 순환 활발,상대적 상권 순환 활발,상대적 상권 순환 활발,상대적 상권 순환 활발,상대적 상권 순환 활발,상대적 상권 순환 활발,상대적 상권 축소,상대적 상권 확장,상대적 상권 확장,상대적 상권 확장
21402,4,2.0,상대적 상권 순환 활발,상대적 상권 확장,상대적 상권 순환 활발,상대적 상권 순환 활발,상대적 상권 순환 활발,상대적 상권 순환 활발,상대적 상권 순환 활발,상대적 상권 순환 활발,상대적 상권 순환 활발,상대적 상권 순환 활발,상대적 상권 순환 활발,상대적 상권 축소,상대적 상권 확장,상대적 상권 확장,상대적 상권 확장
21403,4,1.0,상대적 상권 순환 활발,상대적 상권 확장,상대적 상권 순환 활발,상대적 상권 순환 활발,상대적 상권 확장,상대적 상권 순환 활발,상대적 상권 순환 활발,상대적 상권 순환 활발,상대적 상권 순환 활발,상대적 상권 확장,상대적 상권 순환 활발,상대적 상권 축소,상대적 상권 순환 저조,상대적 상권 확장,상대적 상권 확장
21404,1,1.0,상대적 상권 순환 활발,상대적 상권 순환 활발,상대적 상권 축소,상대적 상권 확장,상대적 상권 확장,상대적 상권 순환 활발,상대적 상권 순환 활발,상대적 상권 순환 활발,상대적 상권 순환 활발,상대적 상권 확장,상대적 상권 순환 활발,상대적 상권 순환 활발,상대적 상권 순환 저조,상대적 상권 확장,상대적 상권 순환 저조
21405,11,6.0,상대적 상권 축소,상대적 상권 축소,상대적 상권 순환 저조,상대적 상권 순환 저조,상대적 상권 순환 저조,상대적 상권 순환 활발,상대적 상권 축소,상대적 상권 축소,상대적 상권 확장,상대적 상권 확장,상대적 상권 순환 활발,상대적 상권 순환 저조,상대적 상권 순환 저조,상대적 상권 축소,상대적 상권 축소
21406,10,1.0,상대적 상권 순환 활발,상대적 상권 순환 활발,상대적 상권 축소,상대적 상권 확장,상대적 상권 확장,상대적 상권 순환 활발,상대적 상권 순환 활발,상대적 상권 순환 활발,상대적 상권 순환 활발,상대적 상권 확장,상대적 상권 순환 활발,상대적 상권 축소,상대적 상권 순환 저조,상대적 상권 확장,상대적 상권 순환 저조
21407,1,1.0,상대적 상권 순환 활발,상대적 상권 순환 활발,상대적 상권 축소,상대적 상권 확장,상대적 상권 확장,상대적 상권 순환 활발,상대적 상권 순환 활발,상대적 상권 순환 활발,상대적 상권 순환 활발,상대적 상권 확장,상대적 상권 순환 활발,상대적 상권 축소,상대적 상권 순환 저조,상대적 상권 확장,상대적 상권 순환 저조
21408,6,1.0,상대적 상권 축소,상대적 상권 축소,상대적 상권 축소,상대적 상권 확장,상대적 상권 확장,상대적 상권 순환 활발,상대적 상권 순환 활발,상대적 상권 순환 활발,상대적 상권 확장,상대적 상권 확장,상대적 상권 순환 활발,상대적 상권 축소,상대적 상권 순환 저조,상대적 상권 확장,상대적 상권 순환 저조
21409,6,6.0,상대적 상권 축소,상대적 상권 축소,상대적 상권 순환 저조,상대적 상권 확장,상대적 상권 순환 저조,상대적 상권 순환 활발,상대적 상권 순환 활발,상대적 상권 순환 활발,상대적 상권 확장,상대적 상권 확장,상대적 상권 순환 활발,상대적 상권 순환 저조,상대적 상권 순환 저조,상대적 상권 순환 저조,상대적 상권 순환 저조
21410,11,6.0,상대적 상권 축소,상대적 상권 축소,상대적 상권 순환 저조,상대적 상권 순환 저조,상대적 상권 순환 저조,상대적 상권 순환 활발,상대적 상권 축소,상대적 상권 순환 활발,상대적 상권 확장,상대적 상권 확장,상대적 상권 순환 활발,상대적 상권 순환 저조,상대적 상권 순환 저조,상대적 상권 순환 저조,상대적 상권 순환 저조
21411,11,6.0,상대적 상권 축소,상대적 상권 축소,상대적 상권 순환 저조,상대적 상권 순환 저조,상대적 상권 순환 저조,상대적 상권 순환 활발,상대적 상권 축소,상대적 상권 순환 활발,상대적 상권 확장,상대적 상권 확장,상대적 상권 순환 활발,상대적 상권 순환 저조,상대적 상권 순환 저조,상대적 상권 순환 저조,상대적 상권 순환 저조
21412,11,11.0,상대적 상권 축소,상대적 상권 축소,상대적 상권 순환 저조,상대적 상권 순환 저조,상대적 상권 순환 저조,상대적 상권 순환 활발,상대적 상권 축소,상대적 상권 순환 활발,상대적 상권 확장,상대적 상권 확장,상대적 상권 순환 활발,상대적 상권 순환 저조,상대적 상권 순환 저조,상대적 상권 순환 저조,상대적 상권 축소
21413,11,11.0,상대적 상권 축소,상대적 상권 축소,상대적 상권 순환 저조,상대적 상권 순환 저조,상대적 상권 순환 저조,상대적 상권 순환 활발,상대적 상권 순환 저조,상대적 상권 순환 활발,상대적 상권 확장,상대적 상권 확장,상대적 상권 순환 활발,상대적 상권 순환 저조,상대적 상권 순환 저조,상대적 상권 순환 저조,상대적 상권 축소
21414,4,1.0,상대적 상권 순환 활발,상대적 상권 순환 활발,상대적 상권 축소,상대적 상권 확장,상대적 상권 확장,상대적 상권 순환 활발,상대적 상권 순환 활발,상대적 상권 순환 활발,상대적 상권 순환 활발,상대적 상권 확장,상대적 상권 순환 활발,상대적 상권 축소,상대적 상권 순환 저조,상대적 상권 확장,상대적 상권 순환 저조
21415,4,2.0,상대적 상권 순환 활발,상대적 상권 확장,상대적 상권 순환 활발,상대적 상권 순환 활발,상대적 상권 순환 활발,상대적 상권 순환 활발,상대적 상권 순환 활발,상대적 상권 순환 활발,상대적 상권 순환 활발,상대적 상권 순환 활발,상대적 상권 순환 활발,상대적 상권 축소,상대적 상권 순환 저조,상대적 상권 확장,상대적 상권 확장
21416,4,2.0,상대적 상권 순환 활발,상대적 상권 순환 활발,상대적 상권 순환 활발,상대적 상권 순환 활발,상대적 상권 순환 활발,상대적 상권 축소,상대적 상권 순환 활발,상대적 상권 순환 활발,상대적 상권 순환 활발,상대적 상권 순환 활발,상대적 상권 순환 활발,상대적 상권 축소,상대적 상권 확장,상대적 상권 확장,상대적 상권 확장
21417,4,10.0,상대적 상권 순환 활발,상대적 상권 순환 활발,상대적 상권 축소,상대적 상권 순환 활발,상대적 상권 순환 활발,상대적 상권 축소,상대적 상권 순환 활발,상대적 상권 순환 활발,상대적 상권 순환 활발,상대적 상권 순환 활발,상대적 상권 순환 활발,상대적 상권 축소,상대적 상권 순환 저조,상대적 상권 확장,상대적 상권 확장
21418,4,7.0,상대적 상권 순환 활발,상대적 상권 순환 활발,상대적 상권 축소,상대적 상권 순환 활발,상대적 상권 순환 활발,상대적 상권 축소,상대적 상권 순환 활발,상대적 상권 순환 활발,상대적 상권 순환 활발,상대적 상권 순환 활발,상대적 상권 순환 활발,상대적 상권 축소,상대적 상권 확장,상대적 상권 확장,상대적 상권 확장
21419,4,2.0,상대적 상권 순환 활발,상대적 상권 순환 활발,상대적 상권 축소,상대적 상권 순환 활발,상대적 상권 순환 활발,상대적 상권 순환 활발,상대적 상권 순환 활발,상대적 상권 순환 활발,상대적 상권 순환 활발,상대적 상권 순환 활발,상대적 상권 순환 활발,상대적 상권 축소,상대적 상권 순환 저조,상대적 상권 확장,상대적 상권 확장
21420,4,2.0,상대적 상권 순환 활발,상대적 상권 순환 활발,상대적 상권 축소,상대적 상권 순환 활발,상대적 상권 순환 활발,상대적 상권 순환 활발,상대적 상권 순환 활발,상대적 상권 순환 활발,상대적 상권 순환 활발,상대적 상권 순환 활발,상대적 상권 순환 활발,상대적 상권 축소,상대적 상권 순환 저조,상대적 상권 확장,상대적 상권 확장
21421,4,2.0,상대적 상권 순환 활발,상대적 상권 순환 활발,상대적 상권 축소,상대적 상권 순환 활발,상대적 상권 확장,상대적 상권 순환 활발,상대적 상권 순환 활발,상대적 상권 순환 활발,상대적 상권 순환 활발,상대적 상권 확장,상대적 상권 순환 활발,상대적 상권 축소,상대적 상권 순환 저조,상대적 상권 확장,상대적 상권 순환 저조
21422,4,2.0,상대적 상권 순환 활발,상대적 상권 순환 활발,상대적 상권 축소,상대적 상권 순환 활발,상대적 상권 순환 활발,상대적 상권 순환 활발,상대적 상권 순환 활발,상대적 상권 순환 활발,상대적 상권 순환 활발,상대적 상권 순환 활발,상대적 상권 순환 활발,상대적 상권 축소,상대적 상권 순환 저조,상대적 상권 확장,상대적 상권 확장
21423,4,2.0,상대적 상권 순환 활발,상대적 상권 순환 활발,상대적 상권 축소,상대적 상권 순환 활발,상대적 상권 확장,상대적 상권 순환 활발,상대적 상권 순환 활발,상대적 상권 순환 활발,상대적 상권 순환 활발,상대적 상권 순환 활발,상대적 상권 순환 활발,상대적 상권 축소,상대적 상권 순환 저조,상대적 상권 확장,상대적 상권 순환 저조
21424,1,1.0,상대적 상권 순환 활발,상대적 상권 순환 활발,상대적 상권 축소,상대적 상권 확장,상대적 상권 확장,상대적 상권 순환 활발,상대적 상권 순환 활발,상대적 상권 순환 활발,상대적 상권 확장,상대적 상권 확장,상대적 상권 순환 활발,상대적 상권 축소,상대적 상권 순환 저조,상대적 상권 확장,상대적 상권 순환 저조
21425,10,1.0,상대적 상권 순환 활발,상대적 상권 순환 활발,상대적 상권 축소,상대적 상권 확장,상대적 상권 확장,상대적 상권 순환 활발,상대적 상권 순환 활발,상대적 상권 순환 활발,상대적 상권 순환 활발,상대적 상권 확장,상대적 상권 순환 활발,상대적 상권 축소,상대적 상권 순환 저조,상대적 상권 확장,상대적 상권 순환 저조
21426,4,1.0,상대적 상권 순환 활발,상대적 상권 순환 활발,상대적 상권 축소,상대적 상권 확장,상대적 상권 확장,상대적 상권 순환 활발,상대적 상권 순환 활발,상대적 상권 순환 활발,상대적 상권 순환 활발,상대적 상권 확장,상대적 상권 순환 활발,상대적 상권 축소,상대적 상권 순환 저조,상대적 상권 확장,상대적 상권 순환 저조
21427,4,2.0,상대적 상권 순환 활발,상대적 상권 순환 활발,상대적 상권 축소,상대적 상권 순환 활발,상대적 상권 확장,상대적 상권 순환 활발,상대적 상권 순환 활발,상대적 상권 순환 활발,상대적 상권 순환 활발,상대적 상권 확장,상대적 상권 순환 활발,상대적 상권 축소,상대적 상권 순환 저조,상대적 상권 확장,상대적 상권 확장
21428,6,6.0,상대적 상권 축소,상대적 상권 축소,상대적 상권 순환 저조,상대적 상권 확장,상대적 상권 순환 저조,상대적 상권 순환 활발,상대적 상권 순환 활발,상대적 상권 순환 활발,상대적 상권 확장,상대적 상권 확장,상대적 상권 순환 활발,상대적 상권 축소,상대적 상권 순환 저조,상대적 상권 순환 저조,상대적 상권 순환 저조
21429,6,1.0,상대적 상권 축소,상대적 상권 순환 활발,상대적 상권 순환 저조,상대적 상권 확장,상대적 상권 순환 저조,상대적 상권 순환 활발,상대적 상권 순환 활발,상대적 상권 순환 활발,상대적 상권 확장,상대적 상권 확장,상대적 상권 순환 활발,상대적 상권 축소,상대적 상권 순환 저조,상대적 상권 순환 저조,상대적 상권 순환 저조
21430,1,1.0,상대적 상권 순환 활발,상대적 상권 순환 활발,상대적 상권 축소,상대적 상권 확장,상대적 상권 순환 저조,상대적 상권 순환 활발,상대적 상권 순환 활발,상대적 상권 순환 활발,상대적 상권 확장,상대적 상권 확장,상대적 상권 순환 활발,상대적 상권 축소,상대적 상권 순환 저조,상대적 상권 순환 저조,상대적 상권 순환 저조
21431,10,1.0,상대적 상권 순환 활발,상대적 상권 순환 활발,상대적 상권 축소,상대적 상권 확장,상대적 상권 확장,상대적 상권 순환 활발,상대적 상권 순환 활발,상대적 상권 순환 활발,상대적 상권 확장,상대적 상권 확장,상대적 상권 순환 활발,상대적 상권 축소,상대적 상권 순환 저조,상대적 상권 확장,상대적 상권 순환 저조
21432,11,6.0,상대적 상권 축소,상대적 상권 축소,상대적 상권 순환 저조,상대적 상권 순환 저조,상대적 상권 순환 저조,상대적 상권 순환 활발,상대적 상권 축소,상대적 상권 순환 활발,상대적 상권 확장,상대적 상권 확장,상대적 상권 순환 활발,상대적 상권 축소,상대적 상권 순환 저조,상대적 상권 순환 저조,상대적 상권 순환 저조
21433,11,4.0,상대적 상권 축소,상대적 상권 축소,상대적 상권 순환 저조,상대적 상권 순환 저조,상대적 상권 순환 저조,상대적 상권 순환 활발,상대적 상권 순환 저조,상대적 상권 축소,상대적 상권 확장,상대적 상권 확장,상대적 상권 확장,상대적 상권 순환 저조,상대적 상권 순환 저조,상대적 상권 순환 저조,상대적 상권 축소
21434,11,4.0,상대적 상권 축소,상대적 상권 축소,상대적 상권 순환 저조,상대적 상권 순환 저조,상대적 상권 순환 저조,상대적 상권 순환 활발,상대적 상권 순환 저조,상대적 상권 순환 활발,상대적 상권 확장,상대적 상권 확장,상대적 상권 확장,상대적 상권 순환 저조,상대적 상권 순환 저조,상대적 상권 순환 저조,상대적 상권 축소
21435,11,4.0,상대적 상권 축소,상대적 상권 축소,상대적 상권 순환 저조,상대적 상권 순환 저조,상대적 상권 순환 저조,상대적 상권 순환 활발,상대적 상권 순환 저조,상대적 상권 순환 활발,상대적 상권 확장,상대적 상권 확장,상대적 상권 확장,상대적 상권 순환 저조,상대적 상권 순환 저조,상대적 상권 순환 저조,상대적 상권 축소
21436,11,4.0,상대적 상권 축소,상대적 상권 축소,상대적 상권 순환 저조,상대적 상권 순환 저조,상대적 상권 순환 저조,상대적 상권 순환 활발,상대적 상권 순환 저조,상대적 상권 순환 활발,상대적 상권 확장,상대적 상권 확장,상대적 상권 확장,상대적 상권 순환 저조,상대적 상권 순환 저조,상대적 상권 순환 저조,상대적 상권 축소
21437,11,12.0,상대적 상권 축소,상대적 상권 축소,상대적 상권 순환 저조,상대적 상권 순환 저조,상대적 상권 순환 저조,상대적 상권 순환 활발,상대적 상권 순환 저조,상대적 상권 순환 활발,상대적 상권 확장,상대적 상권 확장,상대적 상권 확장,상대적 상권 순환 저조,상대적 상권 순환 저조,상대적 상권 순환 저조,상대적 상권 축소
21438,11,4.0,상대적 상권 축소,상대적 상권 축소,상대적 상권 순환 저조,상대적 상권 순환 저조,상대적 상권 순환 저조,상대적 상권 순환 활발,상대적 상권 순환 저조,상대적 상권 순환 활발,상대적 상권 확장,상대적 상권 확장,상대적 상권 확장,상대적 상권 축소,상대적 상권 순환 저조,상대적 상권 순환 저조,상대적 상권 축소
21439,11,4.0,상대적 상권 축소,상대적 상권 축소,상대적 상권 순환 저조,상대적 상권 순환 저조,상대적 상권 순환 저조,상대적 상권 순환 활발,상대적 상권 순환 저조,상대적 상권 순환 활발,상대적 상권 확장,상대적 상권 확장,상대적 상권 확장,상대적 상권 축소,상대적 상권 순환 저조,상대적 상권 순환 저조,상대적 상권 축소
21440,11,4.0,상대적 상권 축소,상대적 상권 축소,상대적 상권 순환 저조,상대적 상권 순환 저조,상대적 상권 순환 저조,상대적 상권 순환 활발,상대적 상권 순환 저조,상대적 상권 축소,상대적 상권 확장,상대적 상권 확장,상대적 상권 확장,상대적 상권 순환 저조,상대적 상권 순환 저조,상대적 상권 순환 저조,상대적 상권 축소
21441,11,12.0,상대적 상권 축소,상대적 상권 축소,상대적 상권 순환 저조,상대적 상권 순환 저조,상대적 상권 순환 저조,상대적 상권 순환 활발,상대적 상권 순환 저조,상대적 상권 축소,상대적 상권 확장,상대적 상권 확장,상대적 상권 확장,상대적 상권 순환 저조,상대적 상권 축소,상대적 상권 순환 저조,상대적 상권 축소
21442,11,13.0,상대적 상권 순환 저조,상대적 상권 축소,상대적 상권 순환 저조,상대적 상권 순환 저조,상대적 상권 순환 저조,상대적 상권 순환 활발,상대적 상권 순환 저조,상대적 상권 축소,상대적 상권 확장,상대적 상권 확장,상대적 상권 순환 저조,상대적 상권 순환 저조,상대적 상권 축소,상대적 상권 순환 저조,상대적 상권 축소
21443,11,13.0,상대적 상권 축소,상대적 상권 축소,상대적 상권 순환 저조,상대적 상권 순환 저조,상대적 상권 순환 저조,상대적 상권 순환 활발,상대적 상권 순환 저조,상대적 상권 축소,상대적 상권 확장,상대적 상권 확장,상대적 상권 확장,상대적 상권 순환 저조,상대적 상권 축소,상대적 상권 순환 저조,상대적 상권 축소
21444,11,12.0,상대적 상권 축소,상대적 상권 축소,상대적 상권 순환 저조,상대적 상권 순환 저조,상대적 상권 순환 저조,상대적 상권 순환 활발,상대적 상권 순환 저조,상대적 상권 순환 활발,상대적 상권 확장,상대적 상권 확장,상대적 상권 확장,상대적 상권 순환 저조,상대적 상권 축소,상대적 상권 순환 저조,상대적 상권 축소
21445,11,12.0,상대적 상권 축소,상대적 상권 축소,상대적 상권 순환 저조,상대적 상권 순환 저조,상대적 상권 순환 저조,상대적 상권 순환 활발,상대적 상권 순환 저조,상대적 상권 순환 활발,상대적 상권 확장,상대적 상권 확장,상대적 상권 확장,상대적 상권 순환 저조,상대적 상권 축소,상대적 상권 순환 저조,상대적 상권 축소
21446,11,12.0,상대적 상권 축소,상대적 상권 축소,상대적 상권 순환 저조,상대적 상권 순환 저조,상대적 상권 순환 저조,상대적 상권 순환 활발,상대적 상권 순환 저조,상대적 상권 순환 활발,상대적 상권 확장,상대적 상권 확장,상대적 상권 확장,상대적 상권 축소,상대적 상권 순환 저조,상대적 상권 순환 저조,상대적 상권 축소
21447,11,13.0,상대적 상권 순환 저조,상대적 상권 축소,상대적 상권 순환 저조,상대적 상권 순환 저조,상대적 상권 순환 저조,상대적 상권 순환 활발,상대적 상권 순환 저조,상대적 상권 축소,상대적 상권 순환 저조,상대적 상권 확장,상대적 상권 순환 저조,상대적 상권 순환 저조,상대적 상권 축소,상대적 상권 순환 저조,상대적 상권 축소
21448,12,13.0,상대적 상권 순환 저조,상대적 상권 순환 활발,상대적 상권 순환 저조,상대적 상권 순환 저조,상대적 상권 순환 저조,상대적 상권 순환 활발,상대적 상권 순환 저조,상대적 상권 축소,상대적 상권 확장,상대적 상권 확장,상대적 상권 순환 저조,상대적 상권 순환 저조,상대적 상권 축소,상대적 상권 순환 저조,상대적 상권 축소
21449,12,13.0,상대적 상권 순환 저조,상대적 상권 순환 활발,상대적 상권 순환 저조,상대적 상권 순환 저조,상대적 상권 순환 저조,상대적 상권 순환 활발,상대적 상권 순환 저조,상대적 상권 축소,상대적 상권 확장,상대적 상권 확장,상대적 상권 순환 저조,상대적 상권 순환 저조,상대적 상권 축소,상대적 상권 순환 저조,상대적 상권 축소
21450,12,13.0,상대적 상권 순환 저조,상대적 상권 축소,상대적 상권 순환 저조,상대적 상권 순환 저조,상대적 상권 순환 저조,상대적 상권 순환 활발,상대적 상권 순환 저조,상대적 상권 축소,상대적 상권 확장,상대적 상권 확장,상대적 상권 순환 저조,상대적 상권 순환 저조,상대적 상권 축소,상대적 상권 순환 저조,상대적 상권 축소
21451,12,13.0,상대적 상권 축소,상대적 상권 축소,상대적 상권 순환 저조,상대적 상권 순환 저조,상대적 상권 순환 저조,상대적 상권 순환 활발,상대적 상권 순환 저조,상대적 상권 축소,상대적 상권 확장,상대적 상권 확장,상대적 상권 확장,상대적 상권 순환 저조,상대적 상권 축소,상대적 상권 순환 저조,상대적 상권 축소
21452,11,12.0,상대적 상권 축소,상대적 상권 축소,상대적 상권 순환 저조,상대적 상권 순환 저조,상대적 상권 순환 저조,상대적 상권 순환 활발,상대적 상권 순환 저조,상대적 상권 순환 활발,상대적 상권 확장,상대적 상권 확장,상대적 상권 확장,상대적 상권 순환 저조,상대적 상권 축소,상대적 상권 순환 저조,상대적 상권 축소
21453,12,12.0,상대적 상권 축소,상대적 상권 축소,상대적 상권 순환 저조,상대적 상권 순환 저조,상대적 상권 순환 저조,상대적 상권 순환 활발,상대적 상권 순환 저조,상대적 상권 순환 활발,상대적 상권 확장,상대적 상권 확장,상대적 상권 확장,상대적 상권 순환 저조,상대적 상권 축소,상대적 상권 순환 저조,상대적 상권 축소
21454,12,12.0,상대적 상권 순환 저조,상대적 상권 축소,상대적 상권 순환 저조,상대적 상권 순환 저조,상대적 상권 순환 저조,상대적 상권 순환 활발,상대적 상권 순환 저조,상대적 상권 순환 활발,상대적 상권 확장,상대적 상권 확장,상대적 상권 확장,상대적 상권 순환 저조,상대적 상권 축소,상대적 상권 순환 저조,상대적 상권 축소
21455,12,13.0,상대적 상권 순환 저조,상대적 상권 순환 활발,상대적 상권 순환 저조,상대적 상권 순환 저조,상대적 상권 순환 저조,상대적 상권 순환 활발,상대적 상권 순환 저조,상대적 상권 축소,상대적 상권 확장,상대적 상권 확장,상대적 상권 확장,상대적 상권 순환 저조,상대적 상권 축소,상대적 상권 순환 저조,상대적 상권 축소
21456,1,1.0,상대적 상권 순환 활발,상대적 상권 순환 활발,상대적 상권 순환 저조,상대적 상권 확장,상대적 상권 순환 저조,상대적 상권 순환 활발,상대적 상권 축소,상대적 상권 순환 활발,상대적 상권 확장,상대적 상권 확장,상대적 상권 순환 활발,상대적 상권 축소,상대적 상권 순환 저조,상대적 상권 순환 저조,상대적 상권 순환 저조
21457,4,7.0,상대적 상권 순환 활발,상대적 상권 순환 활발,상대적 상권 축소,상대적 상권 순환 활발,상대적 상권 순환 활발,상대적 상권 순환 활발,상대적 상권 순환 활발,상대적 상권 순환 활발,상대적 상권 순환 활발,상대적 상권 순환 활발,상대적 상권 순환 활발,상대적 상권 축소,상대적 상권 순환 저조,상대적 상권 확장,상대적 상권 확장
21458,4,1.0,상대적 상권 순환 활발,상대적 상권 순환 활발,상대적 상권 축소,상대적 상권 확장,상대적 상권 확장,상대적 상권 순환 활발,상대적 상권 순환 활발,상대적 상권 순환 활발,상대적 상권 순환 활발,상대적 상권 확장,상대적 상권 순환 활발,상대적 상권 축소,상대적 상권 순환 저조,상대적 상권 확장,상대적 상권 순환 저조
21459,4,-1.0,,,,,,,,,,,,,,,
